,Id,Sentiment,Text Tweet,Clean Text Sentiment Film
0,1,negative,Jelek filmnya... apalagi si ernest gak mutu bgt actingnya... film sampah,jelek film si ernest mutu banget actingnya film sampah
1,2,negative,Film king Arthur ini film paling jelek dari seluruh cerita King Arthur ,film king arthur film jelek cerita king arthur
2,3,negative,@beexkuanlin Sepanjang film gwa berkata kasar terus pada bapaknya,beexkuanlin film kasar bapak
3,4,negative,Ane ga suka fast and furious..menurutku kok jelek ya tu film,suka fast and furiousmenurutku jelek film
4,5,negative,"@baekhyun36 kan gua ga tau film nya, lu bilang perang perangan/? Perang""an disebut ama rp yaoi jadi ambigu :v",baekhyun tau film nya bilang perang perang perang rupiah yaoi ambigu v
5,6,negative,tolong editingnya yg bagus ya. Saya sering kecewa dgn film indonesia. Ditunggu filmnya!!,tolong editingnya bagus kecewa film indonesia tunggu film
6,7,negative,"Kecewa dgn salah satu aktornya yg ternyata pendukung penista agama. Ah, saya harus bersabar utk tak menonton film ini.",kecewa salah aktor dukung nista agama sabar tonton film
7,8,negative,Kecewa parah sama film the guys. Dear @radityadika sorry to say this.,kecewa parah film the guys dear radityadika sorry say this
8,9,negative,Banyak yg kecewa abis nonton film ini :(,kecewa habis nonton film
9,10,negative,#TheMummy 2017 adalah film yang paling memgecewakan saya selama hidup. Yah padahal sy udh berekspektasi tinggi dan suka bgt mesir kuno.,themummy film memgecewakan hidup berekspektasi suka banget mesir kuno
10,11,negative,"film jelek, jelas. Ga ada isinya. ",film jelek isi
11,12,negative,awal bulan ini nonton dua film Indonesia di bioskop: kartini dan critical eleven. penggambaran kartini dan ale juga anya terlalu lemah. :( ,nonton film indonesia bioskop kartini critical eleven gambar kartini ale anya lemah
12,13,negative,"Nonton film #Kartini miris , ternyata di jaman itu dan jaman sekarang bangsa kita tetap bodoh, Serakah, Gila kawin .. IRONIS !! #CelotehPagi",nonton film kartini miris jaman jaman bangsa bodoh serakah gila kawin ironis celotehpagi
13,14,negative,"Btw Danur jelek banget, gausah ditonton Hans @hansdavidian gue kebayang lo bakal #meantweets soal film ini ntar! Lol",ngomong ngomong danur jelek banget tonton hans hansdavidian meantweets film tertawa
14,15,negative,"Film Kartini trlalu singkat, sehingga penonton yg mungkin blm baca biografi jelas ttg Kartini agak bingung. Saya sndiri emg blm baca bukuny.",film kartini singkat tonton baca biografi kartini bingung emang baca bukuny
15,16,negative,"Habis nonton the guys, entah kenapa aku sedikit kecewa nonton film ini.. Dibanding film sebelumnya kok ini anjlok ya",habis nonton the guys kecewa nonton film banding film anjlok
16,17,negative,Yang udah nonton film Alien kok pada kecewa ya. Jadi ragu buat nonton.,nonton film alien kecewa ragu nonton
17,18,negative,satu-satunya kerugian nonton film action itu.. aktornya jadi keliatan jelek :p,satusatunya rugi nonton film aksi aktor jelek p
18,19,negative,Ini film yang bilang bagus...Kelompoknya doang. Yang kasih penghargaan juga dia2 aj. waktu nonton ternyata jelek.,film bilang baguskelompoknya kasih harga nonton jelek
19,20,negative,"baik, kita sudahi saja. hidup terlalu singkat untuk dihabisken dengan menonton film jelek.",sudah hidup singkat dihabisken tonton film jelek
20,21,negative,"Film King Arthur itu tidak jelek namun juga tidak bagus. Biasa saja, cenderung mudah dilupakan.",film king arthur jelek bagus cenderung mudah lupa
21,22,negative,"Jelek ah jelek Pantas film Dimension tidak pernah dirilis, akting kamu begini ternyata /ga ",jelek jelek film dimension rilis akting
22,23,negative,duh ini film ribet banget ...,film ribet banget
23,24,negative,"Dgn durasi film yg tll panjang, alur yg datar, akhirnya stlh #CriticalEleven selesai sy keluar dgn pertanyaan: ini masalahnya apa sih?",durasi film alur datar criticaleleven selesai
24,25,negative,"Banyak adegan penting yang di potong, jadinya merusak film itu sendiri ",adegan potong rusak film
25,26,negative,"baru selesai nonton film GOAL 3, ternyata penurunan kualitas film nya drastis parah.",selesai nonton film goal turun kualitas film nya drastis parah
26,27,negative,Baru keingat film yang cukup beda dengan buku sampai bikin kecewa teman yang ngajak nonton: Black Bulter,film beda buku bikin kecewa teman ngajak nonton black bulter
27,28,negative,ogah nonton lagi saya. Kecewa ama itu film ,nonton kecewa film
28,29,negative,"Kecewa berat sama film Power Rangers, dibawah ekspektasi banget ",kecewa berat film power rangers bawah ekspektasi banget
29,30,negative,Bahas soal film yang diangkat dari novel rasanya kalo di bikin film kurang puas aja gitu,bahas film angkat novel bikin film puas
30,31,negative,"Sebenernya nggak ada yang salah sama akting Prilly di film Danur menurut aku oke oke aja. Yang kurang greget itu ceritanya sih, kurang kuat.",sebenernya salah akting prilly film danur oke oke cerita kuat
31,32,negative,"Tadi abis nonton film balap2 mobil itu,tertidur sekitar 15 menit. Entah lelah entah bosan.",habis nonton film balap mobil itutertidur menit lelah bosan
32,33,negative,The mummy film yg terasa mulai aneh sejak pertengahan filmnya #mummy,the mummy film aneh tengah film mummy
33,34,negative,"Memang malah kelihatan aneh kalau ada film besutan Marvel yang ga ada post-credit scene nya,kaya film yg habis saya tonton,#Logan.",aneh film besut marvel postcredit scene nyakaya film habis tontonlogan
34,35,negative,Film norak!!!! ,film norak
35,36,negative,adanya film critical eleven ini jadi merusak image Ale Anya di kepalaku :(,film critical eleven rusak image ale anya kepala
36,37,negative,"#FactRica ~ kurang suka sama film-film romantis, karena endingnya pasti jadian",factrica suka filmfilm romantis endingnya jadi
37,38,negative,Dibalik novel yang diangkat jadi film. Terus jadinya kurang. Sesungguhny ada campur tangan produser yang sok tau dengan embel2 lebih menjual,balik novel angkat film sesungguhny campur tangan produser sok tau embel jual
38,39,negative,karena ga respect kelakuan si dian sastro ...film itu jadi hambar.... ga bermutu...!!! ,hormat laku si dian sastro film hambar mutu
39,40,negative,sebnarnya ini film lumyan bgus..sayangnya aktor n aktrisnya dari rusia jadi filmnya trsa hambar,sebnarnya film bgussayangnya aktor n aktris rusia film trsa hambar
40,41,negative,Kalo Nolan bikin film gak ada perempuan seksi* dan bumbu percintaan selalu hambar.,nol bikin film perempuan seksi bumbu cinta hambar
41,42,negative,"1. Insidious (2010) Meski creepy dan bagian awalnya bikin tegang, bagian akhir film ini justru terasa agak datar. Hal tersebut berpengaruh+",insidious creepy bikin tegang film datar pengaruh
42,43,negative,Ini gue nonton film homo aja rumit bener,nonton film homo rumit bener
43,44,negative,Sayang banget ketika ada film lokal yang bagus tapi budgetnya kurang jadi layar yang bisa di tonton jadi terbatas banget. sayang banget,sayang banget film lokal bagus budgetnya layar tonton batas banget sayang banget
44,45,negative,Film macam apa ini? Nonton nya bikin gue menderita -_-,film nonton nya bikin derita
45,46,negative,jadi gue nonton The Mummy ini karena seseorang bilang film nya bagus. tapi kemudian setelah keluar dari bioskop merasa menyesal...,nonton the mummy bilang film nya bagus bioskop sesal
46,47,negative,"Semalam nonton film ini, paginya ane download, malem langsung nonton.. ane smpai begadang.. hasilnya? Ane Kecewa... http://fb.me/13sZi5lbC ",malam nonton film pagi download malam langsung nonton begadang hasil kecewa
47,48,negative,"Aku takut kecewa nonton film Danur, takut ga sesuai ekspetasi ketika di buku. Mikir panjang, serius.",takut kecewa nonton film danur takut sesuai ekspetasi buku berfikir serius
48,49,negative,Nonton alien : covenant di @cinema21 mall @MciMall kaya nonton bajakan parah ada yg di SKIP mati mati jelek parah!!!! Film bagus jadi jelek ,nonton alien covenant cema mall mcimall nonton baja parah skip mati mati jelek parah film bagus jelek
49,50,negative,"gue adalah orang yg jarang bgt nntn film indonesia..krn tiap nntn, gue slalu kecewa sama pembuatan film yg mnrt gue ga totalitas",orang jarang banget film indonesiakrn kecewa buat film totalitas
50,51,negative,"Awalnya agak ragu mau nonton, karena kebanyakan kecewa waktu nonton film dari adaptasi novel",ragu nonton banyak kecewa nonton film adaptasi novel
51,52,negative,Sebenarnya gamau berekspektasi tinggi sih dari sebuah film yang diangkat dr buku. Biasanya malah kecewa :(,berekspektasi film angkat buku kecewa
52,53,negative,Ya sudah tidur saja kecewa film nya bukan yang diharepin hufy,tidur kecewa film nya hufy
53,54,negative,"Sama, ane juga kecewa ma nih film, padahal udah lama nungguin",kecewa film
54,55,negative,Ka @selliyamanto udah nonton #MembabiButa? Agak kecewa nonton film tu,ka selliyamanto nonton membabibuta kecewa nonton film
55,56,negative,Jenuh nonton film... hambar,jenuh nonton film hambar
56,57,negative,sesal di dada nonton ini film...,sesal dada nonton film
57,58,negative,"Netizen membatalkan nonton film ""Kartini"" gara-gara kelakuan @therealDiSastr. http://bit.ly/2o2iRPY",netizen batal nonton film kartini garagara laku therealdisastr
58,59,negative,"film jelek, jelas. Ga ada isinya.",film jelek isi
59,60,negative,Itu film makin aneh ajaa ?,film aneh
60,61,negative,"Agak aneh film terbaru Conan, baru kali ini gk spektakuler. Tp openingnya hancurin gedung sih",aneh film baru conan kali spektakuler openingnya hancurin gedung
61,62,negative,"@askmenfess Film yang bikin emosional, bener-bener nyedot emosi.",askmenfess film bikin emosional benerbener emosi
62,63,negative,@pandji @InsyaAllahSah Film busuk dan artis dungu merusak bhineka,pandji insyaallahsah film busuk artis dungu rusak bhineka
63,64,negative,"Kecewa dgn plot cerita film dengan the guys, critanya seakan lompat ga ada proses visual yg bs bikin kta mengerti mengapa amira suka sm alfi",kecewa plot cerita film the guys critanya akan lompat proses visual bikin erti amira suka alf
64,65,negative,jijik banget sama film ini. apalagi pas dia jadi kelinci gede-_- nightmare parah. https://t.co/eDoiFuS8P5,jijik banget film pas kelinci gede nightmare parah
65,66,negative,"bnyak yg bilang film Mummy jelek, pdahl pengen nonton",bnyak bilang film mummy jelek pdahl nonton
66,67,negative,"Banyak yang bilang, film ini jelek. Daur ulang yang gagal. Di imdb dan ratattote aja ratingnya anjlok. Tp menurutku, aku suka sama film ini",bilang film jelek daur ulang gagal imdb ratattote ratingnya anjlok turut suka film
67,68,negative,Naruto adalah film paling bodoh ke-8 haha #faktanya #quote,naruto film bodoh haha fakta quote
68,69,negative,Gw ekspektasinya film ini punya kekuatan narasi yg gw bisa jadiin motivasi. Tp kalimat inspiratifnya kurang banyak hehehe,ekspektasinya film kuat narasi jadiin motivasi kalimat inspiratifnya hehehe
69,70,negative,Film e hambar,film e hambar
70,71,negative,"Film The Mummy menurut gue gak sesuai harapan, agak agak gimana gitu filmnya, weird. Dan bukan film tipe bang tom seperti biasanya -_-""",film the mummy sesuai harap film weird film tipe bang tom
71,72,negative,yah kirain film baru wkwk penonton kecewaa,kirain film wkwk tonton kecewaa
72,73,negative,"Mau bilang jelek ya bilang aja, sekalipun yg buat film itu teman sendiri. Sebut ""filmya bagus"" padahal biasa aja ngga bkin tmen lu maju sih.",bilang jelek bilang film teman filmya bagus bkin teman maju
73,74,negative,"Abis nonton King Arthur. Temen gw pesen, sblm nonton ""loh, itu film jelek katanya"" jgn selalu percaya ama pesen yg ada unsur ""KATANYA"" ..",habis nonton king arthur temen pesan nonton loh film jelek percaya pesan unsur
74,75,negative,Kadang lebih gampang nilai film jelek ketimbang nilai film bagus. Mbuh.,kadang gampang nilai film jelek ketimbang nilai film bagus
75,76,negative,Ini film apa dah. Baru mulai udh bgni-_- jijk,film bgni jijk
76,77,negative,"Film Kartini menang pd pemain"" film yg kelas atas yg sudah punya nama. Tapi ceritany kurang dapat dan kurang riset menurut saya.",film kartini menang pd main film kelas nama ceritany riset
77,78,negative,"Entah aku yg kurang belajar sejarah apa gimana, tapi entah kenapa konflik yg ditampilkan di film Kartini kaya kurang memenuhi ekspektasi aja",ajar sejarah konflik tampil film kartini penuh ekspektasi
78,79,negative,"Film itu kalau byk di sensor, rasanya g ada, hambar",film sensor hambar
79,80,negative,Semoga ga busuk kyk film yg pertama,moga busuk film
80,81,negative,Flm apa ini :) arah dan tujuannya nggak jelas.. Nyesel download ! Sabar... Ini ujian ! — menonton Hangout Film,flm arah tuju sesal download sabar uji tonton hangout film
81,82,negative,Hari ini nonton film terasa; hambarr,nonton film hambarr
82,83,negative,Kurang mengerti sama film nya the mummy..,erti film nya the mummy
83,84,negative,Kecewa banyak deh pkoknya.. Setidaknya mslh jam tayang bs aja ngertiin tp klu film di cut itu yg g bs dingertiin #KaulahTakdirkuMembelamu,kecewa deh pokok jam tayang ngertiin film cut dingertiin kaulahtakdirkumembelamu
84,85,negative,"Pernah novel favorit di filmkan & hasilnya bikin kecewa parah. Tp dari teaser #CriticalEleven saya yakin, team CE serius sama film ini",novel favorit film hasil bikin kecewa parah teaser criticaleleven team ce serius film
85,86,negative,"Intinya, kmren kecewa bgt sama @cinema21 krna mmbiarkan anak kecil nnton film dewasa & jam tayang malam (20.30 WIB) pula #CriticalEleven",inti kemarin kecewa banget cema mmbiarkan anak nonton film dewasa jam tayang malam wib criticaleleven
86,87,negative,Aduh! Film bagian ini jijk parah,aduh film jijk parah
87,88,negative,Kecewa parah nnton film the guys ini. Entah kenapa makin ksini radit bkin film gapernah bener. Lucu juga nggak. Jalan cerita juga gadapet...,kecewa parah nonton film the guys kesini radit bkin film bener lucu jalan cerita gadapet
88,89,negative,"Agak kecewa sama film Danur, diluar ekspektasi :(",kecewa film danur luar ekspektasi
89,90,negative,Ancur bgt itu film. Jelekk,hancur banget film jelekk
90,91,negative,Flm nya jelekk bingittsss.,flm nya jelekk
91,92,negative,"Film hangout kok biasa aja sih, malah gak jelas sepertinya. Kecewaa",film hangout kecewaa
92,93,negative,Ternyata ending film kamar 207 jelekk,ending film kamar jelekk
93,94,negative,Filmnya aja ngehek...... ini seriesnya ngehek juga ga,film ngehek seriesnya ngehek
94,95,negative,Kurang suka sama film #pesbukers cewe2 terllu terbuka penampilannya. Kurang baik klo di tonton anak kecil,suka film pesbukers cewek buka tampil tonton anak
95,96,negative,Buried ini film budget termurah dengan tingkat depresi tertinggi,buried film budget murah tingkat depresi tinggi
96,97,negative,"lalu setelah film berakhir, mikir ''ngapain nonton film yang isinya anak sma semua..'' terus agak nyesel :(",film berfikir ngapain nonton film isi anak sma sesal
97,98,negative,"Gila, film Britney Ever After jelek banget parah! Nyesel nonton walau gak sampe abis.",gila film britney ever jelek banget parah sesal nonton habis
98,99,negative,"Film danur nggak seperti novelnya. Harapan lebih serem ternyata cuman bikin boring. Sorry teh, tapi novelnya lebih bagus :)",film danur novel harap rem bikin bosan sorry teh novel bagus
99,100,negative,ga bakal gua nonton film setan indonesia thur. mengecewakan semua. murahan cuma ngandelin sex,nonton film setan indonesia thur kecewa murah ngandelin sex
100,101,positive,"Keren bang flm lo @radityadika persahabatan, keluarga dan cinta kentel banget. Tokoh pemain pas semua keren bang",keren bang flm radityadika sahabat keluarga cinta banget tokoh main pas keren bang
101,102,positive,"Habis nonton film Kong: Skull Island 2017. Lumayan greget filmnya, 7.5 deh.. layak buat nobar",habis nonton film kong skull island lumayan film deh layak nobar
102,103,positive,"Bravo untuk #filmkartini! Pemainnya bagus, sudut pandang ceritanya pun menarik. Film yang penting untuk ditonton perempuan dan juga lelaki.",bravo filmkartini main bagus sudut pandang cerita tarik film tonton perempuan lelaki
103,104,positive,Abis nonton film #kartini. Bagussss bgt! Dr awal sampe akhir haruuuu,habis nonton film kartini bagussss banget haruuuu
104,105,positive,#RomanHarusBertahan bangga menyukai film yg mengandung bnyak makna sperti ini.. @RompisRepost @LayarDrama_RCTI,romanharusbertahan bangga suka film kandung bnyak makna sperti rompisrepost layardrama rcti
105,106,positive,"Tiga kata untuk film #danur : cukup, dramatis dan laris.",film danur dramatis laris
106,107,positive,Film kartini.. Meski aku agak telat nontonnya. film ini bagus banget...kalian sukses mendeliver cerita dan pesan.. good job guys... ,film kartini telat nontonnya film bagus bangetkalian sukses mendeliver cerita pesan good job guys
107,108,positive,Aku menangis di akhir film kartini #banggafilmindonesia,menang film kartini banggafilmindonesia
108,109,positive,"pokoknya kalian harus nonton film kartini, asli KEREN ! @LegacyPictures @Hanungbramantyo nonton di bioskop ya, bikinnya susah loh",pokok nonton film kartini asli keren legacypictures hanungbramantyo nonton bioskop bikin susah loh
109,110,positive,"film divergent seru-_- ah kenapa udh selesai sih-,-",film divergent seru selesai
110,111,positive,"Tentang Get Out. kalo masih ada, cepetan nonton. mending nonton ini dulu daripada Fast Furious 8 http://tz.ucweb.com/4_OaOo ",get out cepetan nonton mending nonton fast furious
111,112,positive,Saya suka video @YouTube http://youtu.be/JxTmtJ0Fc2U?a  TRAILER FILM THE GUYS (di bioskop 13 April 2017),suka video youtube trailer film the guys bioskop april
112,113,positive,"Agak kebanyakan nangis2nya untuk selera saya, tapi secara keseluruhan sy kagum dengan film #Kartini.",banyak nang selera kagum film kartini
113,114,positive,"thank you buat mas @awisuryadi dan tim yg uda buat Danur. film nya keren banget.buat tmn2 yg belum nonton, silakan ditonton. rekomended.",thank mas awisuryadi tim danur film nya keren bangetbuat teman nonton sila tonton rekomended
114,115,positive,#DANUR film horor Indonesia terlaris sepanjang masa dengan 2.690.000 penonton sejak tayang 30 Maret 2017. #ManojPunjabi #DanurMovie,danur film horor indonesia laris tonton tayang maret manojpunjabi danurmovie
115,116,positive,"Bertambah lagi film Indonesia yang bakal jadi favorite. Ya, #CriticalEleven setelah baca buku & nonton. Gak kecewa. Sama2 Bagus @ikanatassa",tambah film indonesia favorite criticaleleven baca buku nonton kecewa bagus ikanatassa
116,117,positive,nah ini. coba nonton filmnya deh. asik parah ,coba nonton film deh asik parah
117,118,positive,"Nonton Get Out bener2 gk punya ekspektasi apa2, cuma tertarik karna ini filmnya Jordan Peele, dan puas!! Keren parah, film sakit jiwa ini.",nonton get out bener ekspektasi tarik film jordan peele puas keren parah film sakit jiwa
118,119,positive,"Kalo lagi nyari film comedy, ini recomended nih... Lucu parah! Asli! ",nyari film komedi recomended lucu parah asli
119,120,positive,"Cek tread ini aja, Film gak terkenal yang ternyata asik di tonton - https://kask.us/hezsL  banyak nemu film bagus disini.",cek tread film kenal asik tonton temu film bagus
120,121,positive,Sekarang lagi ada film yang bagus banget di bioskop. Judulnya Ziarah. Film Indonesia yang patut diapresiasi.,film bagus banget bioskop judul ziarah film indonesia patut apresiasi
121,122,positive,"Critical eleven film yang bagus. Dari cerita, pemain sampai gambarnya, semuanya bagus. Puas banget dah nontonnya.",critical eleven film bagus cerita main gambar bagus puas banget nontonnya
122,123,positive,Film Ziarah sangat layak ditonton. Pengen peluk sutradaranya yang sukses mengarahkan pemeran mbah Sri - peran umur 95 thn.,film ziarah layak tonton peluk sutradara sukses arah per mbah sri peran umur
123,124,positive,Dan akhirnya setelah nunggu setahun mulai juga ni film #KantiniDHijabers,nunggu tahun ni film kantinidhijabers
124,125,positive,Satu satunya film indonesia yg gue tunggu bgt buat di tonton. Setelah liat filmnya lgsg gagal moveon. Pgn nnton lagiii #CriticalEleven,satu film indonesia tunggu banget tonton lihat film langsung gagal moveon nonton lagiii criticaleleven
125,126,positive,Tp rasa bangga-nya pasti akan berkali2 lipat kalo film perdananya bisa meledak di pasaran dan tercatat menjadi film terlaris.,bangga kali lipat film perdana ledak pasar catat film laris
126,127,positive,"@CenayangFilm mbah, cucumu barusan nonton Night Bus. gila, keren gini ya. tinggal dikit lagi layarnya di bandung mbah, kasian :(",cenayangfilm mbah cucu barusan nonton malam bus gila keren tinggal layar bandung mbah kasihan
127,128,positive,"film indonesia terbaik tahun lalu yang saya tonton. #ziarah diputar di bioskop 18 mei 2017. catat di hape, tonton di hari pertamanya.",film indonesia baik tonton ziarah putar bioskop mei catat hp tonton pertama
128,129,positive,Dari awal sampe akhir kagum banget sama film the guys raditya dkk kocak banget @cinema21 @sorayafilms #21TheGuysQuiz,kagum banget film the guys raditya kawan kocak banget cema sorayafilms theguysquiz
129,130,positive,"Papa mama aku juga ikut nonton , mereka termasuk critical sm Film Indonesia,mereka blg film ini Bagus sekali :) terimakasi @Hanungbramantyo",papa mama nonton critical film indonesiamereka bilang film bagus terimakasi hanungbramantyo
130,131,positive,"Sumpah film danur bagus banget. yg ini nihh baru dapat film yang kenyataan bener,..seru bikin ngageting #DanurMovie",sumpah film danur bagus banget nihh film nyata benerseru bikin ngageting danurmovie
131,132,positive,Buat yg udah nonton The Guys. Pilihan nonton di @cinema21 lainnya adalah #Unlocked film action yg seru. Cocok buat nemenin pas long weekend.,nonton the guys pilih nonton cema unlocked film aksi seru cocok tani pas long weekend
132,133,positive,Nonton Film The Guys. Filmnya ngakak Abis ada sedihnya juga film dengan paket yg komplit hehehehe Sukses terus @radityadika,nonton film the guys film tertawa habis sedih film paket komplit hehehehe sukses radityadika
133,134,positive,Sumpah ini film bagus bngt! Nonton berkali-kali gapernah bosen film the guys sangat menginspirasi tnx bang udah buat film ini @radityadika,sumpah film bagus bngt nonton berkalikali bosen film the guys inspirasi tnx bang film radityadika
134,135,positive,Kalo belom nonton Kartini harus banget sih nonton! Sama film korea judulnya Obsessed tp 18+++ huehe (),bom nonton kartini banget nonton film korea judul obsessed huehe
135,136,positive,Nangis itu gegara nonton film kartini (1982) yang epic banget.,nang nonton film kartini epic banget
136,137,positive,"Dan film ZIARAH ini muatannya berlapis. Tentang hidup, tentang cinta, tentang sejarah, tentang misteri, banyak sekali yang bisa disimak.",film ziarah muat lap hidup cinta sejarah misteri simak
137,138,positive,"90.4| Film ""Kartini"" bisa ditonton oleh semua umur. Karena film ini selain menghibur juga mendidik dan menginspirasi #FFF",film kartini tonton umur film hibur didik inspirasi fff
138,139,positive,"Film sejarah, jarang sekali di negara ini. Jika membaca sejarah saja kita enggan setidaknya tontonlah filmnya @Hanungbramantyo Kartini",film sejarah jarang negara baca sejarah enggan tonton film hanungbramantyo kartini
139,140,positive,"Pengerjaan film #Kartini terasa sangat sungguh2. Baik dari pemain maupun produksi. Selamat ya, Mas @Hanungbramantyo",kerja film kartini sungguh main produksi selamat mas hanungbramantyo
140,141,positive,Lapor mbah @CenayangFilm film ini keren. Worth to watch. Syukur2 bisa instrospeksi diri abis nonton.,lapor mbah cenayangfilm film keren worth watch syukur instrospeksi habis nonton
141,142,positive,"thanks for today @andibowooo :-* film #TheBossBaby bagus banget dapet feel nya dari lucu, ketawa , amazing pokonya ",terimakasih andibowooo film thebossbaby bagus banget dapet feel nya lucu tertawa kagum poko
142,143,positive,Film Ziarah teramat sangat keren. Bangga. Layak dapat Oscar...,film ziarah amat keren bangga layak oscar
143,144,positive,Barusan bgt kelar nntn @filmziarah film lokal pertama yg gue tonton dan berhasil bikin nangis @bewe_bw speechless liat aktingnya @alitalit_,barusan banget kelar filmziarah film lokal tonton hasil bikin nang bewe bw speechless lihat akting alitalit
144,145,positive,Bahagia telah dipertemukan dengan film keren ini ,bahagia temu film keren
145,146,positive,Film Kartini bagus bangettt!!!! Wajib ditonton!,film kartini bagus bangettt wajib tonton
146,147,positive,minggu lalu nonton #DANUR mau review seneng juga sih film horror Indonesia sudah bagus lagi @CenayangFilm @ScreenSaversID,minggu nonton danur tinjau senang film horror indonesia bagus cenayangfilm screensaversid
147,148,positive,"#FilmKartini menginspirasi untuk berjuang menjunjung nilai kebenaran, bukan dominasi penguasa dan kekakuan budaya @LegacyPictures",filmkartini inspirasi juang junjung nilai benar dominasi kuasa kaku budaya legacypictures
148,149,positive,"10. Kalaupun mau bikin film horror, film Danur bisa jadi rujukan .. ringan tapi menakutkan ",bikin film horror film danur rujuk ringan takut
149,150,positive,Banyak moral yg bisa dipetik dari film wonder woman. Salah satunya adalah menjaga auratmu dr cowok hidung belang ?,moral petik film wonder wanita salah satu jaga aurat cowok hidung belang
150,151,positive,Berikut 5 film horor Indonesia berpendapatan tinggi dalam 10 tahun terakhir. Dapatkan tiket @DanurMovie di http://bit.ly/belidanur,film horor indonesia dapat dapat tiket danurmovie
151,152,positive,Trust me. #GetOut itu tipe film paling nyaman dinikmati saat kita gak tau sama sekali filmnya mau kemana. Kalau sudah baca sana-sini ya beda,percaya me getout tipe film nyaman nikmat tau film mana baca sanasini beda
152,153,positive,Nonton film #getout berbudget minim tp hasilnya sungguh tk diduga bgtu jenius smp mkir brulang apa yg sbnrnya trjadi,nonton film getout berbudget minim hasil sungguh tk duga jenius smp mkir brulang trjadi
153,154,positive,Ini salah satu film yg simple tapi hasilnya luarbiasa. Ga aneh film #GetOut dapet critical acclaim.,salah film simpel hasil luarbiasa aneh film getout dapet critical acclaim
154,155,positive,"Dan sy bahagia krn film sebagus @filmziarah ditonton oleh mrk. Kalaupun mrk ditugasi gurunya, gurunya itu bagus #filmziarah",bahagia film bagus filmziarah tonton tugas guru guru bagus filmziarah
155,156,positive,"pokoknya kalian harus nonton film kartini, asli KEREN ! @LegacyPictures @Hanungbramantyo nonton di bioskop ya, bikinnya susah loh",pokok nonton film kartini asli keren legacypictures hanungbramantyo nonton bioskop bikin susah loh
156,157,positive,"Film Kartini bagus banget, sebelah saya sampe nangis, artinya film ini mampu memberikan keresahan pada penontonnya.",film kartini bagus banget belah nang film resah tonton
157,158,positive,"Ini film keren, banyak falsafah hidup. Salut",film keren falsafah hidup salut
158,159,positive,"Males2an diajak liat The Guys, karena masih ngerasa duit terbang percuma pasca nonton Hangout. Eh ini beda ternyata tjoy, film ini keren.",malesan ajak lihat the guys duit terbang pasca nonton hangout eh beda tjoy film keren
159,160,positive,"Permintaan terbuka untuk warganet Indonesia. Jikalau ada waktu + kesempatan, tontonlah film ""Ziarah"". Salah satu yg terbaik yg pernah ada~ ",minta buka warganet indonesia sempat tonton film ziarah salah baik
160,161,positive,"Sampai hari ini, aku masih terngiang2 Film Critical Eleven, ya Tuhan. Betapa aku banyak belajar dr menonton itu. Hemmmm",ngiang film critical eleven tuhan betapa ajar tonton hemmmm
161,162,positive,habis liat Film kartini yg luar biasa...pemikiran dan gerakan kartini hrs di lanjutkan,habis lihat film kartini biasapemikiran gera kartini lanjut
162,163,positive,#filmkartini @Hanungbramantyo sangat layak utk diapresiasi tinggi. Tak ada gading yg tak retak. Tp cuma retak samar. Film ini BAGUS!,filmkartini hanungbramantyo layak apresiasi gading retak retak samar film bagus
163,164,positive,"Di Film Danur, justru yang membuat saya terkesan sosok Asih. Expresi yang datar, tanpa kata membuat penasaran,... http://fb.me/1uxomgQjS",film danur kes sosok asih expresi datar penasaran
164,165,positive,Danur seru bangat flm nya Yg blm nonton harap nonton #l4like,danur seru bangat flm nya nonton harap nonton llike
165,166,positive,Film-film tersebut juga cocok lho ditonton bareng anak Anda. Yuk mulai nonton lagi film berkualitas dari Indonesia #BTInd,filmfilm cocok lho tonton bareng anak yuk nonton film kualitas indonesia btind
166,167,positive,"Gue udah nonton bang, sumpah pecah banget nih film karena berhasil bikin mewek nontonnya ? https://t.co/e9UbwUtbQJ",nonton bang sumpah pecah banget film hasil bikin nang nontonnya
167,168,positive,nih film komedi lucu bangt bahasa jawa https://t.co/46I52na21l https://t.co/TopkrZd0DZ,film komedi lucu bangt bahasa jawa
168,169,positive,Awalnya sih sempet khawatir setiap liat film adaptasi dr novel takut gak sesuai ekspektasi tp #CriticalEleven malah bikin speechless.,sempet khawatir lihat film adaptasi novel takut sesuai ekspektasi criticaleleven bikin speechless
169,170,positive,Salah satu film yg gak pernah bikin bosen ditonton berapa kali pun: The Intern. What a lovely movie. @CenayangFilm,salah film bikin bosen tonton kali the intern a lovely movie cenayangfilm
170,171,positive,"Gk nysel aku bg, uda ntn vlog mu yang the guys dri awal smpe akhir, dan akhrnya terbayarkan sama film mu bang kern kli @radityadika seriusan",nysel bg nonton vlog mu the guys akhrnya bayar film mu bang kern kli radityadika serius
171,172,positive,Tadi abis nonton @GetOutMovie. Gokil sih premisnya. Keren lah itu film.,habis nonton getoutmovie gokil premis keren film
172,173,positive,@ernestprakasa Slamat koh ernes atas kemenangan film cek toko sebelahnya Kita kuat karna kita beragam bukan seragam,ernestprakasa selamat koh ernes menang film cek toko belah kuat agam seragam
173,174,positive,"ini film keren banget bang Kekeluargaannya, cintanya, persahabatannya, komedinya dpt banget sumpah. Jadi makin cinta sama alfi. @radityadika",film keren banget bang keluarga cinta sahabat komedi banget sumpah cinta alf radityadika
174,175,positive,Dan tiap scene Reza-Adinia ini selalu gold moment #CriticalEleven. Ini berdua emg dah ditakdirkan jadi pasangan plg cocok di film saat ini.,scene rezaadinia gold momen criticaleleven dua emang takdir pasang pulang cocok film
175,176,positive,"Film yang keren, pemainnya menggembirakan meski banyak penonton menangis. #kartini",film keren main gembira tonton menang kartini
176,177,positive,"RT @GreatBos: Jarang nonton movie Indonesia Tapi. Yang judulnya Syahadat Cinta, bagus Pemirsa, Recommended .. Jalan ceritanya SERU! .. Hoo…",rt greatbos jarang nonton movie indonesia judul syahadat cinta bagus pirsa recommended jalan cerita seru hoo
177,178,positive,ASTAGAH! FILM FAVORIT KELUAR LAGI LANJUTANNYA. ,astagah film favorit lanjut
178,179,positive,"Masih belun moveon dari #CriticalEleven dan ini bikin saya belajar satu hal. Buku yg diadaptasi ke film, gak bisa kita samakan kualitasnya",bun moveon criticaleleven bikin ajar buku adaptasi film sama kualitas
179,180,positive,"Sudah nonton Critical Eleven. Menyenangkan kok, masuk kategori film Indonesia yang wajib tonton lah.",nonton critical eleven senang masuk kategori film indonesia wajib tonton
180,181,positive,nah ini. coba nonton filmnya deh. asik parah ,coba nonton film deh asik parah
181,182,positive,@unaazizah @yanskii Film keren,unaazizah yanskii film keren
182,183,positive,Lebih suka film yang bentar tapi menarik #DhikeFact,suka film bentar tarik dhikefact
183,184,positive,ga sabar nunggu Bluray nya. pasti banyak special feature yang keren. lebih lucu kalo ada bloopernya,sabar nunggu bluray nya special feature keren lucu bloopernya
184,185,positive,"Film The Guys wajib ditonton bagi kamu yang sayang orang tua, sahabat yang baik, creatif dan cinta kebebasan. Kereen bgt kak @radityadika",film the guys wajib tonton sayang orang tua sahabat creatif cinta bebas kereen banget kak radityadika
185,186,positive,"Film The guys nya keren abiss bang @radityadika . Lucu dapet, romance nya dapet, dan sedih nya juga dapet.",film the guys nya keren abiss bang radityadika lucu dapet romance nya dapet sedih nya dapet
186,187,positive,"41 Vlog dan nunggu 22 hari setelah tanggal rilis baru nonton, kece banget, cerita yang tak tertebak sama sekali. Film THE GUYS @radityadika",vlog nunggu tanggal rilis nonton gaul banget cerita tebak film the guys radityadika
187,188,positive,Kmrn nonton film THE GUYS di situ bener2 ngerasain bgt bahwa sahabat lebih dari segala2''y knapa bang kalau bkn film sllu keren @radityadika,kemarin nonton film the guys situ bener rasa banget sahabat segalay bang film sllu keren radityadika
188,189,positive,Kartini... pemamarannya sangat sederhana dan apa adanya yang justru membuat film ini sangat enak untuk dinikmati @Hanungbramantyo,kartini pemamarannya sederhana film enak nikmat hanungbramantyo
189,190,positive,Abis ntn film Kartini. Bnr2 menginspirasi dan makin membuka pikiran.,habis nonton film kartini inspirasi buka pikir
190,191,positive,"baru nonton Kartini, salah satu film nasional yg sangat recommended untuk ditonton. saya nangis, campur aduk rasanya :'')",nonton kartini salah film nasional recommended tonton nang campur aduk
191,192,positive,Film Kartini *sangat niat banget lihat film ini dan keren sekali dimana banyak scene2 yg sy harus menitikkan air mata #filmkartini #kartini ,film kartini niat banget lihat film keren mana scene titik air mata filmkartini kartini
192,193,positive,KARTINI adalah salah satu film Indonesia bertema sejarah terbaik yg pernah dibuat. Digarap dgn serius dan tema msh relevan dgn kondisi skrg.,kartini salah film indonesia tema sejarah baik garap serius tema relevan kondisi
193,194,positive,harusnya memang begini... Film kartini memang harus di tonton generasi muda http://fb.me/6tQqDGGLJ ,film kartini tonton generasi muda
194,195,positive,Menurutku danur bagus dan cukup bangga dengan film horor hasil karya bangsa ini,turut danur bagus bangga film horor hasil karya bangsa
195,196,positive,Fargo juga adaptasi dari film yang cukup berhasil. Season 1-nya the best! https://t.co/tkEEK3Evs9,fargo adaptasi film hasil season nya the best
196,197,positive,637.000 waw ini sangat keren flm horor dng jumlah penonton segini dlm waktu 4 hari @prillybie @danurmovie,waw keren flm horor tonton gin prillybie danurmovie
197,198,positive,@filmziarah film yang tenang dan menghanyutkan. Salut dengan Mbah Ponco yg bisa membawakan karakter Mbah Sri dengan sangat baik. #FilmZiarah,filmziarah film tenang hanyut salut mbah ponco bawa karakter mbah sri filmziarah
198,199,positive,Film yg amat menarik. Kisah cinta & kesetiaan yg disajikan secara tidak biasa. Bikin kgn nenek. Recomended movie @filmziarah #meiberziarah,film tarik kisah cinta setia saji bikin kangen nenek recomended movie filmziarah meiberziarah
199,200,positive,"Nntn @filmziarah , film bagus, ada kali 5 menit penonton gak beranjak tetep ngliatin layar pdhl film dah selesai, msh spicles sm endingnya",filmziarah film bagus kali menit tonton anjak layar film selesai spicles endingnya
